category,item,description,is_advanced,Debezium,Flink,Airbyte,Estuary,Arcion,Striim,Qlik,Decodable,Hevo,Fivetran,StreamSets,Upsolver,AWS,GCP
<b>Key facts</b>,<b>Homepage</b>,,FALSE,[Homepage](https://debezium.io/),[Homepage](https://ververica.github.io/flink-cdc-connectors/),[Homepage](https://airbyte.com/),[Homepage](https://www.estuary.dev/),[Homepage](https://www.arcion.io/),[Homepage](https://www.striim.com/),[Homepage](https://www.qlik.com/us/products/qlik-replicate),[Homepage](https://www.decodable.co/),[Homepage](https://hevodata.com/),[Homepage](https://www.fivetran.com/),[Homepage](https://streamsets.com/),[Homepage](https://www.upsolver.com/),[Homepage](https://aws.amazon.com/dms/),[Homepage](https://cloud.google.com/datastream )
,<b>Blog</b>,,FALSE,[Blog](https://debezium.io/blog/),[Blog](https://www.ververica.com/blog),[Blog](https://airbyte.com/blog),[Blog](https://www.estuary.dev/blog/),[Blog](https://www.arcion.io/blog),[Blog](https://www.striim.com/blog/),[Blog](https://www.qlik.com/blog/qlik),[Blog](https://www.decodable.co/blog),[Blog](https://hevodata.com/blog/),[Blog](https://www.fivetran.com/blog),[Blog](https://streamsets.com/blog/),[Blog](https://www.upsolver.com/blog),[Blog](https://aws.amazon.com/blogs/big-data/),[Blog](https://cloud.google.com/blog/topics/developers-practitioners/)
,<b>Pricing</b>,,FALSE,Free,Free,Free / Usage-based,Free / Usage-based,Usage-based,Usage-based,Usage-based,Usage-based,Usage-based,Usage-based,Usage-based?,Usage-based,Usage-based,Usage-based
,<b>Release notes</b>,,FALSE,[Release notes](https://debezium.io/releases/),[Release notes](https://github.com/ververica/flink-cdc-connectors/releases),[Release notes](https://docs.airbyte.com/category/release-notes/),,[Release notes](https://www.arcion.io/blog-categories/product-release ),[Release notes](https://www.striim.com/docs/en/release-notes.html),[Release notes](https://community.qlik.com/t5/Release-Notes/tkb-p/ReleaseNotes),[Release notes](https://docs.decodable.co/changelog) ,[Release notes](https://docs.hevodata.com/release-notes/),[Release notes](https://fivetran.com/docs/changelog),[Release notes](https://docs.streamsets.com/release-notes/),[Release notes](https://docs.upsolver.com/upsolver-1/change-log),[Release notes](https://docs.aws.amazon.com/dms/latest/userguide/CHAP_ReleaseNotes.html) ,[Release notes](https://cloud.google.com/datastream/docs/release-notes)
,<b>Deployment</b>,,FALSE,Self-hosted,Self-hosted,Self-hosted / SaaS,Self-hosted / SaaS,Self-hosted / SaaS,Self-hosted / SaaS,Self-hosted / SaaS,SaaS,SaaS,Self-hosted / SaaS,Self-hosted / SaaS,SaaS,SaaS,SaaS
,<b>Language</b>,,FALSE,Java,Java,Java,Rust/Go,Java,n/a,n/a,n/a,n/a,n/a,n/a,n/a,n/a,n/a
,<b>Underlying architecture</b>,,FALSE,Kafka + Kafka Connect or Debezium Server,Flink/Debezium,[Link](https://docs.airbyte.com/understanding-airbyte/high-level-view/),,[Log staging + Metadata DB](https://assets.website-files.com/61b7127e64746d558d27873a/62fc24b0609081686b9e7515_Screen%20Shot%202022-08-16%20at%204.13.26%20PM.png),[Kafka?](https://www.striim.com/blog/introducing-striim-cloud-data-streaming-and-integration-as-a-service/),[In-memory + Metadata DB](https://www.qlik.com/blog/the-architectural-principles-of-qlik-replicate-scalability-and-flexibility),Flink,[Kafka](https://docs.hevodata.com/introduction/sys-architecture/pipeline-framework/),[Link](https://fivetran.com/docs/getting-started/architecture),,[Link](https://cdn2.hubspot.net/hubfs/3866910/Whitepapers/WP%20Technical%20Whitepaper%20%28New%20Temp%29.pdf),[In-memory](https://docs.aws.amazon.com/dms/latest/userguide/CHAP_Introduction.Components.html),[In-memory](https://cloud.google.com/datastream#continuous-change-data-capture:-replicate-every-event-as-it-happens)
,<b>Roadmap</b>,,FALSE,[Roadmap](https://debezium.io/roadmap/),[Roadmap](https://github.com/ververica/flink-cdc-connectors/issues/1728),[Roadmap](https://app.harvestr.io/roadmap/view/pQU6gdCyc/launch-week-roadmap),n/a,,,,,,,,,, 
,<b>Backlog</b>,,FALSE,[Redhat](https://issues.redhat.com/projects/DBZ/issues?filter=allopenissues&orderby=watchers+DESC%2C+votes+DESC%2C+priority+DESC%2C+updated+DESC),[Github](https://github.com/ververica/flink-cdc-connectors/issues?q=is%3Aissue+is%3Aopen+sort%3Areactions-%2B1-desc),[Github](https://github.com/airbytehq/airbyte/issues?q=is%3Aissue+is%3Aopen+sort%3Areactions-%2B1-desc),[Github](https://github.com/estuary/flow),,,,,,,,,, 
<b>Setup and scalability</b>,<b>Schema/database; table & column filter</b>,<p><span class='c3'>(can users configure schema/database; table & column filtering?)</span></p>,FALSE,:y:[<p>Link</p>](https://debezium.io/documentation/reference/stable/connectors/postgresql.html#postgresql-property-schema-include-list),:y:[<p>Link</p>](),:y:[<p>Link</p>](https://docs.airbyte.com/integrations/sources/postgres/#step-2-set-up-the-postgres-connector-in-airbyte),:y:[<p>Link</p>](https://docs.estuary.dev/reference/Connectors/capture-connectors/PostgreSQL/) ,:y:[<p>Link</p>](https://docs.arcion.io/docs/references/filter-reference/),:y:[<p>Link</p>](),:y:[<p>Link</p>](https://help.qlik.com/en-US/replicate/November2022/Content/Replicate/Main/MySQL/select_schema_mysql.htm#Selecting%20a%20schema),:y:[<p>Link</p>](https://docs.decodable.co/docs/connector-reference-postgres-cdc),:y:[<p>Link</p>](https://docs.hevodata.com/sources/dbfs/databases/postgresql/generic-postgresql/),:y:[<p>Link</p>](https://fivetran.com/docs/databases#excludingsourcedata) ,:y:[<p>Link</p>](),:y:[<p>Link</p>](),:y:[<p>Link</p>](https://docs.aws.amazon.com/SchemaConversionTool/latest/userguide/CHAP_Converting.html),:y:[<p>Link</p>](https://cloud.google.com/datastream/docs/faq#general-source)
,<b>E2E automated data replication with declarative no-code config</b>,<p><span class='c3'>(can users achieve end-to-end data replication with a one-liner program and declarative no-code configuration?)</span></p>,TRUE,:n:,:n:,:n:,:n:,:y:[<p>YAML-driven CLI</p>](https://docs.arcion.io/docs/running-replicant/) ,:n:,:n:,:n:,:n:,:n:,:n:,:n:,:n:,:n:
,<b>Orchestration</b>,,FALSE,[REST API](https://debezium.io/documentation/reference/stable/install.html#_using_a_debezium_connector),SQL (Table/SQL API) or Flink Submit Job (DataStream API) using UI; CLI or REST API,[YAML-driven CLI](https://docs.airbyte.com/cli-documentation); UI or [REST API](https://docs.airbyte.com/api-documentation),[YAML-driven CLI](https://docs.estuary.dev/guides/flowctl/) or UI,[YAML-driven CLI](https://docs.arcion.io/docs/running-replicant/); API or UI,[TQL-driven REST API](https://striim.stoplight.io/docs/striim-application-management) or UI,[REST API](https://help.qlik.com/en-US/enterprise-manager/May2023/Content/EnterpriseManager/EnterpriseManager_APIGuide/CurlAPI/aem_rest_api_prereqs.htm); [Python SDK](https://help.qlik.com/en-US/enterprise-manager/May2023/Content/EnterpriseManager/EnterpriseManager_APIGuide/PythonAPI/aem_rest_api_intro.htm) or [.NET SDK](https://help.qlik.com/en-US/enterprise-manager/May2023/Content/EnterpriseManager/EnterpriseManager_APIGuide/NetAPI/aem_rest_api_intro.htm) or UI,[SQL-driven CLI](https://docs.decodable.co/docs/command-line-interface); UI,[REST API](https://api-docs.hevodata.com/reference/introduction) or UI,[REST API](https://developers.fivetran.com/) or UI,REST API; [Python SDK](https://docs.streamsets.com/sdk/latest/api.html) or UI,[SQL-driven CLI](https://github.com/Upsolver/cli); REST API or UI,[CLI](https://awscli.amazonaws.com/v2/documentation/api/latest/reference/dms/index.html); [REST API](https://docs.aws.amazon.com/dms/latest/APIReference/Welcome.html) or UI,[CLI](https://cloud.google.com/sdk/gcloud); [REST API](https://cloud.google.com/datastream/docs/use-the-datastream-api); UI
<b>Syncs; transformations and schema changes</b>,<b>Auto switch</b>,<p><span class='c3'>(can the engine automatically switch from reading snapshot data to reading incremental data?)</span></p>,FALSE,:y:,:y:,:y:,:y:,:y:,:y:,:y:,:y:,:y:,:y:,:y:,:y:,:y:[<p>Link</p>](https://docs.aws.amazon.com/dms/latest/userguide/CHAP_Introduction.HighLevelView.html),:y:[<p>Link</p>](https://cloud.google.com/datastream/docs/behavior-overview)
,<b>Snapshot resilience</b>,<p><span class='c3'>(can snapshots be aborted/resumed without inconsistencies?)</span></p>,FALSE,:y:[<p>Link</p>](https://debezium.io/documentation/reference/stable/connectors/postgresql.html#postgresql-triggering-an-incremental-snapshot),:y:[<p>Link</p>](https://www.ververica.com/blog/the-release-of-flink-cdc-2.3),:n:,:y:[<p>Link</p>](https://www.estuary.dev/3-reasons-to-rethink-your-approach-to-change-data-capture/) ,:y:[<p>Link</p>]() ,:n:,:y:[<p>Link</p>](https://help.qlik.com/en-US/replicate/November2022/Content/Global_Common/Content/SharedEMReplicate/Tasks%20at%20Runtime/recovery_from_datafolder_loss.htm),:y:[<p>Link</p>](https://docs.decodable.co/docs/sqlpipeline-reference#processing-guarantees),:n:,:n:[<p>Link</p>](https://fivetran.com/docs/databases#mustallowinitialsyncstorunwithoutinterruption),:n:,:n:,:y:[<p>Link</p>](https://docs.aws.amazon.com/dms/latest/userguide/CHAP_Task.CDC.html#CHAP_Task.CDC.StartPoint.Checkpoint) ,:n:
,<b>Auto table creation</b>,<p><span class='c3'>(can the engine automatically create destination tables without the user manually mapping schemas for each table?)</span></p>,TRUE,:n:,:n:,:n:,:y:[<p>Link</p>](https://docs.estuary.dev/reference/Connectors/materialization-connectors/PostgreSQL/)  ,:y:[<p>Link</p>](https://docs.arcion.io/docs/running-replicant/) ,:y:[<p>Link</p>](),:y:[<p>Link</p>](https://help.qlik.com/en-US/replicate/November2022/Content/Replicate/Main/Introduction/Replication_Tasks.htm#Tasks%20overview)   ,:y:[<p>Link</p>](),:y:[<p>Link</p>](https://docs.hevodata.com/pipelines/schema-mapper/auto-mapping-event-types/),:y:[<p>Link</p>](https://fivetran.com/docs/databases/postgresql#syncoverview)  ,:y:[<p>Link</p>](),:y:[<p>Link</p>](),:y:[<p>Link</p>](https://aws.amazon.com/dms/schema-conversion-tool/#Key_benefits_of_database_schema_conversion)  ,:y:[<p>Link</p>](https://cloud.google.com/datastream/docs/behavior-overview)
,<b>Dynamic table reinitialization</b>,<p><span class='c3'>(can the engine smoothly adjust ongoing operations to add or remove tables while preserving existing state? [example](https://ververica.github.io/flink-cdc-connectors/release-2.2/content/connectors/mysql-cdc.html#scan-newly-added-tables))</span></p>,TRUE,:y:[<p>Link</p>](https://debezium.io/blog/2021/10/07/incremental-snapshots/),:u:[<p>PR underway</p>](https://github.com/ververica/flink-cdc-connectors/issues/1152)Support for MySQL,:n:,:n:,:y:[<p>Link</p>](https://docs.arcion.io/docs/references/dynamic-reinitialization/) ,:n:,:y:[<p>Link</p>](https://www.qlik.com/blog/the-architectural-principles-of-qlik-replicate-support-for-full-load-and-cdc-data-replication)   ,:n:,:n:,:n:[<p>Link</p>](https://fivetran.com/docs/getting-started/fivetran-dashboard/connectors/schema#schemachanges),:n:,:n:,:n:,:n:
,<b>Schema evolution mode: auto</b>,<p><span class='c3'>(can the engine automatically capture DDL changes from a source database and replicate them in the target data platform?)</span></p>,TRUE,:n:,:n:,:n:,:n:[<p>Link</p>](https://www.estuary.dev/change-data-capture-landscape/),:y:[<p>Link</p>](https://docs.arcion.io/docs/sources/ddl-replication/)Support for [Postgres (DDL polling)](https://docs.arcion.io/docs/source-setup/postgresql/#ddl-replication-v2301); Oracle; IBM DB2; MySQL; SQL server,:y:[<p>Link</p>](https://www.striim.com/docs/platform/en/handling-schema-evolution.html)Support for [Postgres (triggers)](https://www.striim.com/docs/platform/en/postgresql-cdc.html);,:y:[<p>Link</p>](https://help.qlik.com/en-US/replicate/May2022/Content/Replicate/Main/Endpoints/DDLStatements.htm#Supported%20DDL%20statements)Support for [Postgres (triggers)](https://help.qlik.com/en-US/replicate/May2022/Content/Replicate/Main/PostgreSQL/superuser_not.htm); Oracle; IBM DB2; MySQL; SQL server,:u:<p>No support for [Postgres](https://docs.decodable.co/docs/connector-reference-postgres-cdc);</p>,:u:<p>No support for [Postgres](https://docs.hevodata.com/sources/dbfs/databases/postgresql/generic-postgresql/);</p>,:u:<p>No support for [Postgres](https://fivetran.com/docs/databases/postgresql#logicalreplication); [Oracle](https://fivetran.com/docs/databases/oracle); [SQL server](https://fivetran.com/docs/databases/sql-server); Limited support for [MySQL](https://fivetran.com/docs/databases/mysql#addinganddroppingcolumns)</p>,:u:<p>No support for [Postgres](https://docs.streamsets.com/portal/platform-datacollector/latest/datacollector/UserGuide/Origins/PostgreSQL.html);</p>,:u:<p>No support for [Postgres](https://docs.decodable.co/docs/connector-reference-postgres-cdc);</p>,:y:[<p>Link</p>](https://docs.aws.amazon.com/dms/latest/userguide/CHAP_Introduction.SupportedDDL.html)Support for [Postgres (triggers)](https://docs.aws.amazon.com/dms/latest/userguide/CHAP_Source.PostgreSQL.html#CHAP_Source.PostgreSQL.RDSPostgreSQL.NonMasterUser); Oracle; IBM DB2; MySQL; SQL server,:y:[<p>Link</p>](https://cloud.google.com/datastream/docs/faq#general-source) Support for Postgres (DDL polling); Oracle; MySQL
,<b>Schema evolution mode: [rescue](https://docs.databricks.com/ingestion/auto-loader/schema.html)</b>,<p><span class='c3'>(are unforeseen DDL changes  recorded in a separate rescue data column? [example](https://www.youtube.com/watch?v=VUt4sKBelPo))</span></p>,TRUE,:n:,:n:,:n:,:n:,:n:,:n:,:n:,:n:,:n:,:n:,:n:,:n:,:n:,:n:
<b>Performance</b>,<b>Initial snapshot intra-table parallelism</b>,<p><span class='c3'>(what parallel execution mechanism can be used to speed up the snapshot phase?)</span></p>,TRUE,:y:[<p>multi-threaded (incubating)</p>](https://issues.redhat.com/browse/DBZ-823),:y:[<p>distributed</p>](https://www.ververica.com/blog/the-release-of-flink-cdc-2.3),:n:[<p>Link</p>](https://github.com/airbytehq/airbyte/issues/18573),:n:,:y:[<p>multi-threaded</p>](https://venturebeat.com/data-infrastructure/arcion-now-reads-logs-from-oracle-directly-promises-10x-faster-data-replication/),:n:,:y:[<p>multi-threaded?</p>](https://help.qlik.com/en-US/replicate/November2022/Content/Global_Common/Content/SharedEMReplicate/Customize%20Tasks/Parallel_Load.htm) ,:n:,:n:,:n:[<p>multi-threaded inter-table parallelism?</p>](https://fivetran.com/docs/databases#safety ),:n:[<p>Link</p>](https://docs.streamsets.com/platform-datacollector/latest/datacollector/UserGuide/Multithreaded_Pipelines/MultithreadedPipelines.html),:n:,:y:[<p>multi-threaded</p>](https://docs.aws.amazon.com/dms/latest/userguide/CHAP_Tasks.CustomizingTasks.TableMapping.SelectionTransformation.Tablesettings.html#CHAP_Tasks.CustomizingTasks.TableMapping.SelectionTransformation.Tablesettings.ParallelLoad) ,:n:
<b>Security and privacy</b>,,,FALSE,,,,,,,,,,,,,,
<b>Operations</b>,<b>Metrics reporters</b>,,FALSE,[JMX](https://debezium.io/documentation/reference/stable/operations/monitoring.html),[Prometheus; JMX; StatsD; Datadog](https://nightlies.apache.org/flink/flink-docs-master/docs/deployment/metric_reporters/),[Open Telemetry; Datadog](https://docs.airbyte.com/operator-guides/collecting-metrics/),[UI or CLI](https://docs.estuary.dev/reference/working-logs-stats/),[New Relic](https://docs.arcion.io/docs/references/cloudlogging/),[Web UI; Console; REST API; JMX](https://www.striim.com/docs/platform/en/monitoring-guide.html),[Qlik EM Console](https://help.qlik.com/en-US/enterprise-manager/November2022/Content/EnterpriseManager/Main/Tasks/MonitoringReplicateTasks.htm),[Stream](https://docs.decodable.co/docs/system-events-and-metrics),n/a,[Fivetran UI](https://fivetran.com/docs/local-data-processing/internal-objects/metrics-for-statistics),[UI](https://docs.streamsets.com/portal/controlhub/latest/help/controlhub/UserGuide/DataCollectors/Monitoring.html),[UI](https://docs.upsolver.com/upsolver-1/administration/monitoring/delays-in-upsolver-pipelines#additional-metrics-for-external-use),[AWS DMS Console](https://docs.aws.amazon.com/dms/latest/userguide/CHAP_Monitoring.html#CHAP_Monitoring.Metrics),[UI](https://cloud.google.com/datastream/docs/monitor-a-stream)
<b>Source support</b>,<b>Oracle</b>,,FALSE,:y:[<p>LogMiner or XStream</p>](https://debezium.io/documentation/reference/stable/connectors/oracle.html),:y:[<p>LogMiner or XStream</p>](https://ververica.github.io/flink-cdc-connectors/master/content/connectors/oracle-cdc.html),:n:[<p>None</p>](https://docs.airbyte.com/integrations/sources/oracle/),:n:[<p>None</p>](https://docs.estuary.dev/reference/Connectors/capture-connectors/),:y:[<p>LogMiner; XStream; GG trail or native redo</p>](https://docs.arcion.io/docs/source-setup/oracle/),:y:[<p>LogMiner or OJet or GoldenGate</p>](https://www.striim.com/docs/platform/en/oracle-database-cdc.html),:y:[<p>LogMiner</p>](https://help.qlik.com/en-US/replicate/November2022/Content/Replicate/Main/Oracle/oracle_source_intro.htm),:u:[<p>Indirect using LogMiner</p>](https://docs.decodable.co/docs/connector-reference-oracle-cdc),:y:[<p>LogMiner</p>](https://docs.hevodata.com/sources/dbfs/databases/oracle/generic-oracle/),:y:[<p>LogMiner</p>](https://fivetran.com/docs/databases/oracle),:y:[<p>LogMiner</p>](https://docs.streamsets.com/portal/platform-datacollector/latest/datacollector/UserGuide/Origins/OracleC.html),:n:,:y:[<p>LogMiner or AWS DMS Binary Reader</p>](https://docs.aws.amazon.com/dms/latest/userguide/CHAP_Source.Oracle.html#CHAP_Source.Oracle.CDC),:y:[<p>LogMiner</p>](https://cloud.google.com/datastream/docs/sources-oracle )
,<b>MySQL</b>,,FALSE,:y:[<p>Binary logs</p>](https://debezium.io/documentation/reference/stable/connectors/mysql.html),:y:[<p>Binary logs</p>](https://ververica.github.io/flink-cdc-connectors/master/content/connectors/mysql-cdc.html),:y:[<p>Binary logs</p>](https://docs.airbyte.com/integrations/sources/mysql),:y:[<p>Binary logs</p>](https://docs.estuary.dev/reference/Connectors/capture-connectors/MySQL/),:y:[<p>Binary logs</p>](https://docs.arcion.io/docs/source-setup/mysql/),:y:[<p>Binary logs</p>](https://debezium.io/documentation/reference/stable/connectors/mysql.html),:y:[<p>Binary logs</p>](https://help.qlik.com/en-US/replicate/November2022/Content/Replicate/Main/MySQL/MySQL_source.htm),:y:[<p>Binary logs</p>](https://docs.decodable.co/docs/connector-reference-mysql-cdc),:y:[<p>Binary logs</p>](https://docs.hevodata.com/sources/dbfs/databases/mysql/),:y:[<p>Binary logs</p>](https://fivetran.com/docs/databases/mysql),:y:[<p>Binary logs</p>](https://docs.streamsets.com/portal/platform-datacollector/latest/datacollector/UserGuide/Origins/MySQLBinaryLog.html),:y:[<p>Binary logs</p>](https://docs.upsolver.com/sqlake/data-ingestion/ingest-your-s3-data-1#prerequisites-for-mysql),:y:[<p>Binary logs</p>](https://docs.aws.amazon.com/dms/latest/userguide/CHAP_Source.MySQL.html),:y:[<p>Binary logs</p>](https://cloud.google.com/datastream/docs/sources-mysql)
,<b>SQL server</b>,,FALSE,:y:[<p>MS-CDC</p>](https://debezium.io/documentation/reference/stable/connectors/sqlserver.html),:y:[<p>MS-CDC</p>](https://ververica.github.io/flink-cdc-connectors/master/content/connectors/sqlserver-cdc.html),:y:[<p>MS-CDC</p>](https://docs.airbyte.com/integrations/sources/mssql),:y:[<p>MS-CDC</p>](https://docs.estuary.dev/reference/Connectors/capture-connectors/sqlserver/),:y:[<p>MS-CT or Arcion CDC Agent</p>](https://docs.arcion.io/docs/source-setup/sqlserver/),:y:[<p>MS-CDC</p>](https://www.striim.com/docs/platform/en/sql-server-cdc.html),:y:[<p>MS-Replication or MS-CDC</p>](https://help.qlik.com/en-US/replicate/November2022/Content/Replicate/Main/SQL%20Server/SQLServer_DB_source.htm),:u:[<p>Indirect using MS-CDC</p>](https://docs.decodable.co/docs/connector-reference-mssql-cdc),:y:[<p>MS-CT</p>](https://docs.hevodata.com/sources/dbfs/databases/mssql/generic-mssql/),:y:[<p>MS-CT or MS-CDC</p>](https://fivetran.com/docs/databases/sql-server),:y:[<p>MS-CT or MS-CDC</p>](https://docs.streamsets.com/portal/platform-datacollector/latest/datacollector/UserGuide/Origins/SQLServerCDC.html),:n:,:y:[<p>MS-Replication or MS-CDC</p>](https://docs.aws.amazon.com/dms/latest/userguide/CHAP_Source.SQLServer.html),:n:
,<b>PostgreSQL</b>,,FALSE,:y:[<p>Logical replication</p>](https://debezium.io/documentation/reference/stable/connectors/postgresql.html),:y:[<p>Logical replication</p>](https://ververica.github.io/flink-cdc-connectors/master/content/connectors/postgres-cdc.html),:y:[<p>Logical replication</p>](https://docs.airbyte.com/integrations/sources/postgres/),:y:[<p>Logical replication</p>](https://docs.estuary.dev/reference/Connectors/capture-connectors/PostgreSQL/),:y:[<p>Logical replication</p>](https://docs.arcion.io/docs/source-setup/postgresql/),:y:[<p>Logical replication</p>](https://www.striim.com/docs/platform/en/postgresql-cdc.html),:y:[<p>Logical replication</p>](https://help.qlik.com/en-US/replicate/November2022/Content/Replicate/Main/PostgreSQL/postgresql_source.htm),:y:[<p>Logical replication</p>](https://docs.decodable.co/docs/connector-reference-postgres-cdc),:y:[<p>Logical replication</p>](https://docs.hevodata.com/sources/dbfs/databases/postgresql/),:y:[<p>Logical replication</p>](https://fivetran.com/docs/databases/postgresql),:y:[<p>Logical replication</p>](https://docs.streamsets.com/portal/platform-datacollector/latest/datacollector/UserGuide/Origins/PostgreSQL.html),:y:[<p>Logical replication</p>](https://docs.upsolver.com/sqlake/data-ingestion/ingest-your-s3-data-1#prerequisites-for-postgresql),:y:[<p>Logical replication</p>](https://docs.aws.amazon.com/dms/latest/userguide/CHAP_Source.PostgreSQL.html#CHAP_Source.PostgreSQL.Security),:y:[<p>Logical replication</p>](https://cloud.google.com/datastream/docs/sources-postgresql)
,<b>MongoDB</b>,,FALSE,:y:[<p>Oplogs</p>](https://debezium.io/documentation/reference/stable/connectors/mongodb.html),:y:[<p>Oplogs</p>](https://ververica.github.io/flink-cdc-connectors/master/content/connectors/mongodb-cdc.html),:n:[<p>None</p>](https://docs.airbyte.com/integrations/sources/mongodb-v2),:y:[<p>Oplogs</p>](https://docs.estuary.dev/reference/Connectors/capture-connectors/mongodb/),:y:[<p>Oplogs</p>](https://docs.arcion.io/docs/source-setup/mongodb/),:y:[<p>Oplogs</p>](),:y:[<p>Oplogs</p>](https://help.qlik.com/en-US/replicate/November2022/Content/Replicate/Main/MongoDB_Source/mongodb_as_source.htm),:y:[<p>Oplogs</p>](https://docs.decodable.co/docs/connector-reference-mongodb-cdc),:y:[<p>Oplogs</p>](https://docs.hevodata.com/sources/dbfs/databases/mongodb/),:y:[<p>Oplogs</p>](https://fivetran.com/docs/databases/mongodb),:y:[<p>Oplogs</p>](https://docs.streamsets.com/portal/platform-datacollector/latest/datacollector/UserGuide/Origins/MongoDBOplog.html),:n:,:y:[<p>Oplogs</p>](https://docs.aws.amazon.com/dms/latest/userguide/CHAP_Source.MongoDB.html#CHAP_Source.MongoDB.PrerequisitesCDC.ReplicaSet),:n:
,<b>IBM DB2</b>,,FALSE,:y:[<p>Link</p>](https://debezium.io/documentation/reference/stable/connectors/db2.html),:y:[<p>Link</p>](https://ververica.github.io/flink-cdc-connectors/master/content/connectors/db2-cdc.html),:n:[<p>None</p>](https://docs.airbyte.com/integrations/sources/db2),:n:[<p>None</p>](https://docs.estuary.dev/reference/Connectors/capture-connectors/),:y:[<p>Link</p>](https://docs.arcion.io/docs/source-setup/db2/),:y:[<p>Link</p>](),:y:[<p>Link</p>](https://help.qlik.com/en-US/replicate/November2022/Content/Replicate/Main/IBM%20DB2%20for%20LUW/db2.htm#Using%20IBM%20DB2%20for%20LUW%20as%20a%20source),:n:[<p>None</p>](https://docs.decodable.co/docs/connector-reference),:n:,:n:[<p>None</p>](https://fivetran.com/docs/databases),:n:,:n:,:y:[<p>Link</p>](https://docs.aws.amazon.com/dms/latest/userguide/CHAP_Source.DB2.html),:n:
,<b>Cassandra</b>,,FALSE,:y:[<p>Link</p>](https://debezium.io/documentation/reference/stable/connectors/cassandra.html),:n:[<p>None</p>](https://ververica.github.io/flink-cdc-connectors/master/content/connectors/index.html#),:n:[<p>None</p>](https://docs.airbyte.com/category/sources),:n:[<p>None</p>](https://docs.estuary.dev/reference/Connectors/capture-connectors/),:y:[<p>Link</p>](https://docs.arcion.io/docs/source-setup/cassandra/),:n:,:n:,:n:[<p>None</p>](https://docs.decodable.co/docs/connector-reference),:n:,:n:,:n:,:n:,:n:,:n:
<b>Destination support (DWH/DLH)</b>,<b>BigQuery</b>,,FALSE,:n:,:n:[<p>Feature request</p>](https://issues.apache.org/jira/browse/FLINK-22665),:y:[<p>Link</p>](),:y:[<p>Link</p>](),:y:[<p>Link</p>](),:y:[<p>Link</p>](),:y:[<p>Link</p>](https://help.qlik.com/en-US/replicate/May2022/Content/Replicate/Main/Google%20Cloud%20BigQuery/bigquery_postgresql.htm),:n:[<p>Link</p>](https://www.decodable.co/connectors?tags=Sink),:y:[<p>Link</p>](https://docs.hevodata.com/destinations/data-warehouses/google-bigquery/),:y:[<p>Link</p>](),:y:[<p>Link</p>](),:n:,:n:,:y:
,<b>Redshift</b>,,FALSE,:n:,:n:[<p>Feature request</p>](https://cwiki.apache.org/confluence/display/FLINK/FLIP-307%3A++Flink+Connector+Redshift),:y:[<p>Link</p>](),:y:[<p>Link</p>](),:n:,:y:[<p>Link</p>](),:y:[<p>Link</p>](https://help.qlik.com/en-US/replicate/May2022/Content/Replicate/Main/Amazon%20Redshift/redshift.htm),:y:[<p>Link</p>](https://docs.decodable.co/docs/connector-reference-redshift),:y:[<p>Link</p>](https://docs.hevodata.com/destinations/data-warehouses/amazon-redshift/),:y:[<p>Link</p>](),:n:,:y:[<p>Link</p>](https://docs.upsolver.com/sqlake/connectors/connect-to-your-redshift-database),:y:,:n:
,<b>Snowflake ([blog](https://www.snowflake.com/blog/category/product-and-technology/))</b>,,FALSE,:n:,:n:,:y:[<p>Link</p>](),:y:[<p>Link</p>](),:y:[<p>Link</p>](),:y:[<p>Link</p>](),:y:[<p>AWS; Azure; GCP</p>](https://help.qlik.com/en-US/replicate/May2022/Content/Replicate/Main/Snowflake%20Target/SNOW.htm),:y:[<p>Link</p>](https://docs.decodable.co/docs/connector-reference-snowflake),:y:[<p>Link</p>](https://docs.hevodata.com/destinations/data-warehouses/snowflake/),:y:[<p>Link</p>](),:y:[<p>Link</p>](),:y:[<p>Link</p>](https://docs.upsolver.com/sqlake/connectors/connect-to-your-snowflake-database),:n:,:n:
,<b>Firebolt ([blog](https://www.firebolt.io/blog))</b>,,FALSE,:n:,:n:,:y:[<p>Link</p>](),:y:[<p>Link</p>](),:n:,:n:,:n:,:n:[<p>Link</p>](https://www.decodable.co/connectors?tags=Sink),:y:[<p>Link</p>](https://docs.hevodata.com/destinations/data-warehouses/firebolt/),:n:,:n:,:n:,:n:,:n:
,<b>Rockset ([blog](https://rockset.com/blog/))</b>,,FALSE,:n:,:n:,:y:[<p>Link</p>](),:y:[<p>Link</p>](),:n:,:n:,:n:,:u:[<p>Indirect</p>](https://docs.decodable.co/docs/connector-reference-rockset),:n:,:n:,:n:,:n:,:n:,:n:
,<b>Clickhouse ([blog](https://clickhouse.com/blog))</b>,,FALSE,:n:,:y:[<p>Link</p>](https://github.com/itinycheng/flink-connector-clickhouse),:y:[<p>Link</p>](),:n:,:n:,:n:,:n:,:y:[<p>Link</p>](https://docs.decodable.co/docs/connector-reference-clickhouse),:n:,:n:,:n:,:n:,:n:,:n:
,<b>Delta Lake [(release notes)](https://github.com/delta-io/delta/releases)</b>,,FALSE,:u:<p>Indirect using [kafka-delta-ingest](https://github.com/delta-io/kafka-delta-ingest) or [AutoLoader](https://www.databricks.com/wp-content/uploads/notebooks/DB-129/2-Retail_DLT_CDC_Python.html)</p>,:n:[<p>No changelog support yet</p>](https://github.com/delta-io/delta/tree/master/connectors/flink),:y:[<p>Link</p>](),:n:,:y:[<p>AWS; Azure</p>](https://docs.arcion.io/docs/target-setup/databricks/),:y:[<p>AWS; Azure</p>](https://www.striim.com/docs/en/databricks-writer.html),:y:[<p>Delta; AWS; Azure; GCP</p>](https://docs.streamsets.com/portal/platform-datacollector/latest/datacollector/UserGuide/Destinations/DeltaLake.html#concept_ddy_cdz_clb),:y:[<p>AWS S3 only</p>](https://docs.decodable.co/docs/connector-reference-delta-lake),:y:[<p>AWS; Azure; GCP</p>](https://docs.hevodata.com/destinations/data-warehouses/databricks/),:y:[<p>AWS; Azure; GCP</p>](https://fivetran.com/docs/destinations/databricks),:y:[<p>AWS; Azure; GCP</p>](https://docs.streamsets.com/portal/platform-datacollector/latest/datacollector/UserGuide/Destinations/DeltaLake.html#concept_ddy_cdz_clb),:n:,:n:,:n:
,<b>Hudi ([roadmap](https://hudi.apache.org/roadmap/); [release notes](https://hudi.apache.org/releases); [blog](https://hudi.apache.org/blog))</b>,,FALSE,:u:<p>Indirect using [hoodie-delta-streamer](https://hudi.apache.org/docs/hoodie_deltastreamer/)</p>,:y:[<p>Link</p>](https://hudi.apache.org/docs/flink-quick-start-guide/),:n:,:n:,:n:,:n:,:n:,:n:[<p>Link</p>](https://docs.decodable.co/docs/connector-reference-hudi),:n:,:n:,:n:,:n:,:n:,:n:
,<b>Iceberg ([roadmap](https://iceberg.apache.org/roadmap/); [blog](https://iceberg.apache.org/blogs/))</b>,,FALSE,:u:<p>Indirect using [iceberg-kafka-connect](https://github.com/tabular-io/iceberg-kafka-connect) or [debezium-server-iceberg](https://github.com/memiiso/debezium-server-iceberg)</p>,:y:[<p>Link</p>](https://iceberg.apache.org/docs/latest/flink/),:n:,:n:,:n:,:n:,:n:,:n:[<p>Link</p>](https://www.decodable.co/connectors?tags=Sink),:n:,:n:,:n:,:n:,:n:,:n:
